#SampleID	BarcodeSequence	LinkerPrimerSequence	BarcodeName	ReversePrimer	ProjectName	Description
ABOR.S006	TCCGGCCG	GTGYCAGCMGCCGCGGTAA	illCus515bar1	CCGYCAATTYMTTTRAGTTT	081524PVlee926R	ABOR.S006
ABOR.S015	TCCGGTAA	GTGYCAGCMGCCGCGGTAA	illCus515bar2	CCGYCAATTYMTTTRAGTTT	081524PVlee926R	ABOR.S015
ABOR.S017	TCCGTCGG	GTGYCAGCMGCCGCGGTAA	illCus515bar3	CCGYCAATTYMTTTRAGTTT	081524PVlee926R	ABOR.S017
ABOR.S019	TCCGTCTT	GTGYCAGCMGCCGCGGTAA	illCus515bar4	CCGYCAATTYMTTTRAGTTT	081524PVlee926R	ABOR.S019
ABOR.S021	TCCGTGCG	GTGYCAGCMGCCGCGGTAA	illCus515bar5	CCGYCAATTYMTTTRAGTTT	081524PVlee926R	ABOR.S021
ABOR.S023	TCCGTGCT	GTGYCAGCMGCCGCGGTAA	illCus515bar6	CCGYCAATTYMTTTRAGTTT	081524PVlee926R	ABOR.S023
ABOR.S025	TCCGTTCC	GTGYCAGCMGCCGCGGTAA	illCus515bar7	CCGYCAATTYMTTTRAGTTT	081524PVlee926R	ABOR.S025
ABOR.S027	TCCGTTTT	GTGYCAGCMGCCGCGGTAA	illCus515bar8	CCGYCAATTYMTTTRAGTTT	081524PVlee926R	ABOR.S027
ABOR.S029	TCCTAATA	GTGYCAGCMGCCGCGGTAA	illCus515bar9	CCGYCAATTYMTTTRAGTTT	081524PVlee926R	ABOR.S029
ABOR.blank1	TCCTCCCT	GTGYCAGCMGCCGCGGTAA	illCus515bar10	CCGYCAATTYMTTTRAGTTT	081524PVlee926R	ABOR.blank1
ABOR.S034	TCCTCGTA	GTGYCAGCMGCCGCGGTAA	illCus515bar11	CCGYCAATTYMTTTRAGTTT	081524PVlee926R	ABOR.S034
ABOR.blank3	TCCTCGTG	GTGYCAGCMGCCGCGGTAA	illCus515bar12	CCGYCAATTYMTTTRAGTTT	081524PVlee926R	ABOR.blank3
ABOR.S039	TCCTGGCA	GTGYCAGCMGCCGCGGTAA	illCus515bar13	CCGYCAATTYMTTTRAGTTT	081524PVlee926R	ABOR.S039
ABOR.S041	TCCTGTAC	GTGYCAGCMGCCGCGGTAA	illCus515bar14	CCGYCAATTYMTTTRAGTTT	081524PVlee926R	ABOR.S041
ABOR.S043	TCCTTCCA	GTGYCAGCMGCCGCGGTAA	illCus515bar15	CCGYCAATTYMTTTRAGTTT	081524PVlee926R	ABOR.S043
ABOR.S045	TCCTTCTT	GTGYCAGCMGCCGCGGTAA	illCus515bar16	CCGYCAATTYMTTTRAGTTT	081524PVlee926R	ABOR.S045
ABOR.S047	TCCTTGGT	GTGYCAGCMGCCGCGGTAA	illCus515bar17	CCGYCAATTYMTTTRAGTTT	081524PVlee926R	ABOR.S047
ABOR.S049	TCGAAAGG	GTGYCAGCMGCCGCGGTAA	illCus515bar18	CCGYCAATTYMTTTRAGTTT	081524PVlee926R	ABOR.S049
ABOR.S051	TCGAACCT	GTGYCAGCMGCCGCGGTAA	illCus515bar19	CCGYCAATTYMTTTRAGTTT	081524PVlee926R	ABOR.S051
ABOR.S053	TCGAAGAG	GTGYCAGCMGCCGCGGTAA	illCus515bar20	CCGYCAATTYMTTTRAGTTT	081524PVlee926R	ABOR.S053
ABOR.S058	TCGAATCC	GTGYCAGCMGCCGCGGTAA	illCus515bar21	CCGYCAATTYMTTTRAGTTT	081524PVlee926R	ABOR.S058
ABOR.S060	TCCGGCCG	GTGYCAGCMGCCGCGGTAA	illCus515bar1	CCGYCAATTYMTTTRAGTTT	091924PVlee926R	ABOR.S060
ABOR.S062	TCCGGTAA	GTGYCAGCMGCCGCGGTAA	illCus515bar2	CCGYCAATTYMTTTRAGTTT	091924PVlee926R	ABOR.S062
ABOR.S064	TCCGTCGG	GTGYCAGCMGCCGCGGTAA	illCus515bar3	CCGYCAATTYMTTTRAGTTT	091924PVlee926R	ABOR.S064
ABOR.S066	TCCGTCTT	GTGYCAGCMGCCGCGGTAA	illCus515bar4	CCGYCAATTYMTTTRAGTTT	091924PVlee926R	ABOR.S066
ABOR.S072	TCCGTTCC	GTGYCAGCMGCCGCGGTAA	illCus515bar7	CCGYCAATTYMTTTRAGTTT	091924PVlee926R	ABOR.S072
ABOR.S074	TCCGTTTT	GTGYCAGCMGCCGCGGTAA	illCus515bar8	CCGYCAATTYMTTTRAGTTT	091924PVlee926R	ABOR.S074
ABOR.S076	TCCTAATA	GTGYCAGCMGCCGCGGTAA	illCus515bar9	CCGYCAATTYMTTTRAGTTT	091924PVlee926R	ABOR.S076
ABOR.S078	TCCTCCCT	GTGYCAGCMGCCGCGGTAA	illCus515bar10	CCGYCAATTYMTTTRAGTTT	091924PVlee926R	ABOR.S078
ABOR.S080	TCCTCGTA	GTGYCAGCMGCCGCGGTAA	illCus515bar11	CCGYCAATTYMTTTRAGTTT	091924PVlee926R	ABOR.S080
ABOR.S084	TCCTCGTG	GTGYCAGCMGCCGCGGTAA	illCus515bar12	CCGYCAATTYMTTTRAGTTT	091924PVlee926R	ABOR.S084
ABOR.S086	TCCTGGCA	GTGYCAGCMGCCGCGGTAA	illCus515bar13	CCGYCAATTYMTTTRAGTTT	091924PVlee926R	ABOR.S086
ABOR.S090	TCCTTCCA	GTGYCAGCMGCCGCGGTAA	illCus515bar15	CCGYCAATTYMTTTRAGTTT	091924PVlee926R	ABOR.S090
ABOR.S092	TCCTTCTT	GTGYCAGCMGCCGCGGTAA	illCus515bar16	CCGYCAATTYMTTTRAGTTT	091924PVlee926R	ABOR.S092
ABOR.S094	TCCTTGGT	GTGYCAGCMGCCGCGGTAA	illCus515bar17	CCGYCAATTYMTTTRAGTTT	091924PVlee926R	ABOR.S094
ABOR.S013	TCGAAAGG	GTGYCAGCMGCCGCGGTAA	illCus515bar18	CCGYCAATTYMTTTRAGTTT	091924PVlee926R	ABOR.S013
ABOR.S016	TCGAACCT	GTGYCAGCMGCCGCGGTAA	illCus515bar19	CCGYCAATTYMTTTRAGTTT	091924PVlee926R	ABOR.S016
ABOR.S018	TCGAAGAG	GTGYCAGCMGCCGCGGTAA	illCus515bar20	CCGYCAATTYMTTTRAGTTT	091924PVlee926R	ABOR.S018
ABOR.S020	TCGAATCC	GTGYCAGCMGCCGCGGTAA	illCus515bar21	CCGYCAATTYMTTTRAGTTT	091924PVlee926R	ABOR.S020
ABOR.S022	TCGACAAC	GTGYCAGCMGCCGCGGTAA	illCus515bar22	CCGYCAATTYMTTTRAGTTT	091924PVlee926R	ABOR.S022
ABOR.S024	TCGACCGG	GTGYCAGCMGCCGCGGTAA	illCus515bar23	CCGYCAATTYMTTTRAGTTT	091924PVlee926R	ABOR.S024
ABOR.S026	TCGACCTA	GTGYCAGCMGCCGCGGTAA	illCus515bar24	CCGYCAATTYMTTTRAGTTT	091924PVlee926R	ABOR.S026
ABOR.S028	TCGACGAA	GTGYCAGCMGCCGCGGTAA	illCus515bar25	CCGYCAATTYMTTTRAGTTT	091924PVlee926R	ABOR.S028
ABOR.S030	TCGAGCCG	GTGYCAGCMGCCGCGGTAA	illCus515bar27	CCGYCAATTYMTTTRAGTTT	091924PVlee926R	ABOR.S030
ABOR.S040	TCGAGCTG	GTGYCAGCMGCCGCGGTAA	illCus515bar29	CCGYCAATTYMTTTRAGTTT	091924PVlee926R	ABOR.S040
ABOR.S042	TGGTAACC	GTGYCAGCMGCCGCGGTAA	illCus515bar30	CCGYCAATTYMTTTRAGTTT	091924PVlee926R	ABOR.S042
ABOR.S044	TGGTACAA	GTGYCAGCMGCCGCGGTAA	illCus515bar31	CCGYCAATTYMTTTRAGTTT	091924PVlee926R	ABOR.S044
ABOR.S046	TGGTAGAT	GTGYCAGCMGCCGCGGTAA	illCus515bar32	CCGYCAATTYMTTTRAGTTT	091924PVlee926R	ABOR.S046
ABOR.S048	TGGTAGTC	GTGYCAGCMGCCGCGGTAA	illCus515bar33	CCGYCAATTYMTTTRAGTTT	091924PVlee926R	ABOR.S048
ABOR.S050	TGGTATAC	GTGYCAGCMGCCGCGGTAA	illCus515bar34	CCGYCAATTYMTTTRAGTTT	091924PVlee926R	ABOR.S050
ABOR.S052	TGGTATTG	GTGYCAGCMGCCGCGGTAA	illCus515bar35	CCGYCAATTYMTTTRAGTTT	091924PVlee926R	ABOR.S052
ABOR.S054	TGGTCAAG	GTGYCAGCMGCCGCGGTAA	illCus515bar36	CCGYCAATTYMTTTRAGTTT	091924PVlee926R	ABOR.S054
ABOR.Bl6	TGGTCGCT	GTGYCAGCMGCCGCGGTAA	illCus515bar37	CCGYCAATTYMTTTRAGTTT	091924PVlee926R	ABOR.Bl6
ABOR.S068	TCCGTGCG	GTGYCAGCMGCCGCGGTAA	illCus515bar5	CCGYCAATTYMTTTRAGTTT	091924PVlee926R	ABOR.S068
ABOR.S070	TCCGTGCT	GTGYCAGCMGCCGCGGTAA	illCus515bar6	CCGYCAATTYMTTTRAGTTT	091924PVlee926R	ABOR.S070
ABOR.Bl5	TCCTGTAC	GTGYCAGCMGCCGCGGTAA	illCus515bar14	CCGYCAATTYMTTTRAGTTT	091924PVlee926R	ABOR.Bl5
ABOR.S035	TCGAGCGA	GTGYCAGCMGCCGCGGTAA	illCus515bar28	CCGYCAATTYMTTTRAGTTT	091924PVlee926R	ABOR.S035
ABOR.S061	TGGTCTTT	GTGYCAGCMGCCGCGGTAA	illCus515bar38	CCGYCAATTYMTTTRAGTTT	091924PVlee926R	ABOR.S061
ABOR.S063	TGGTGACC	GTGYCAGCMGCCGCGGTAA	illCus515bar39	CCGYCAATTYMTTTRAGTTT	091924PVlee926R	ABOR.S063
ABOR.S065	TGGTGATC	GTGYCAGCMGCCGCGGTAA	illCus515bar40	CCGYCAATTYMTTTRAGTTT	091924PVlee926R	ABOR.S065
ABOR.Bl7	TGGCATCC	GTGYCAGCMGCCGCGGTAA	illCus515bar41	CCGYCAATTYMTTTRAGTTT	091924PVlee926R	ABOR.Bl7
ABOR.S091	TGGCCAAT	GTGYCAGCMGCCGCGGTAA	illCus515bar42	CCGYCAATTYMTTTRAGTTT	091924PVlee926R	ABOR.S091
ABOR.S093	TGGCCAGC	GTGYCAGCMGCCGCGGTAA	illCus515bar43	CCGYCAATTYMTTTRAGTTT	091924PVlee926R	ABOR.S093