SampleID	BarcodeSequence	LinkerPrimerSequence	BarcodeName	ReversePrimer	ProjectName
ELLY27.29	TCCTTCCA	GTGYCAGCMGCCGCGGTAA	illCus515bar15	CCGYCAATTYMTTTRAGTTT	061324PV1lee926R
ELLY31.33	TCCTTGGT	GTGYCAGCMGCCGCGGTAA	illCus515bar17	CCGYCAATTYMTTTRAGTTT	061324PV1lee926R
ELLY36.38	TCGAAGAG	GTGYCAGCMGCCGCGGTAA	illCus515bar20	CCGYCAATTYMTTTRAGTTT	061324PV1lee926R
ELLY40.42	TCGACAAC	GTGYCAGCMGCCGCGGTAA	illCus515bar22	CCGYCAATTYMTTTRAGTTT	061324PV1lee926R
ELLY52.54	TCGAGCGA	GTGYCAGCMGCCGCGGTAA	illCus515bar28	CCGYCAATTYMTTTRAGTTT	061324PV1lee926R
ELLY56.58	TGGTAACC	GTGYCAGCMGCCGCGGTAA	illCus515bar30	CCGYCAATTYMTTTRAGTTT	061324PV1lee926R
ELLY61.63	TGGTAGTC	GTGYCAGCMGCCGCGGTAA	illCus515bar33	CCGYCAATTYMTTTRAGTTT	061324PV1lee926R
ELLY65.67	TGGTATTG	GTGYCAGCMGCCGCGGTAA	illCus515bar35	CCGYCAATTYMTTTRAGTTT	061324PV1lee926R
ELLY09	TCCGTGCG	GTGYCAGCMGCCGCGGTAA	illCus515bar5	CCGYCAATTYMTTTRAGTTT	061324PV1lee926R
ELLY34	TCGAAAGG	GTGYCAGCMGCCGCGGTAA	illCus515bar18	CCGYCAATTYMTTTRAGTTT	061324PV1lee926R
ELLY59	TGGTACAA	GTGYCAGCMGCCGCGGTAA	illCus515bar31	CCGYCAATTYMTTTRAGTTT	061324PV1lee926R
ELLY76	TGGTGATC	GTGYCAGCMGCCGCGGTAA	illCus515bar40	CCGYCAATTYMTTTRAGTTT	061324PV1lee926R